{
	"info": {
		"_postman_id": "a0104a9d-b8ba-451c-aa5b-0ca63d518731",
		"name": "Lab2",
		"schema": "https://schema.getpostman.com/json/collection/v2.1.0/collection.json",
		"_exporter_id": "21952008"
	},
	"item": [
		{
			"name": "All ads",
			"request": {
				"method": "GET",
				"header": [],
				"url": {
					"raw": "{{base}}/api/ads",
					"host": [
						"{{base}}"
					],
					"path": [
						"api",
						"ads"
					]
				}
			},
			"response": []
		},
		{
			"name": "Ad request",
			"request": {
				"method": "POST",
				"header": [],
				"body": {
					"mode": "raw",
					"raw": "{\n    \"title\": \"Aviasales\",\n    \"content\": \"Сервис дешёвых авиабилетов\"\n}",
					"options": {
						"raw": {
							"language": "json"
						}
					}
				},
				"url": {
					"raw": "{{base}}/api/ads",
					"host": [
						"{{base}}"
					],
					"path": [
						"api",
						"ads"
					]
				}
			},
			"response": []
		},
		{
			"name": "Ad approve",
			"request": {
				"method": "PUT",
				"header": [],
				"url": {
					"raw": "{{base}}/api/ads/4/approve",
					"host": [
						"{{base}}"
					],
					"path": [
						"api",
						"ads",
						"4",
						"approve"
					]
				}
			},
			"response": []
		},
		{
			"name": "Ad decline",
			"request": {
				"method": "DELETE",
				"header": [],
				"url": {
					"raw": "{{base}}/api/ads/4",
					"host": [
						"{{base}}"
					],
					"path": [
						"api",
						"ads",
						"4"
					]
				}
			},
			"response": []
		},
		{
			"name": "Ad pay",
			"request": {
				"method": "PUT",
				"header": [],
				"url": {
					"raw": "{{base}}/api/ads/4/pay",
					"host": [
						"{{base}}"
					],
					"path": [
						"api",
						"ads",
						"4",
						"pay"
					]
				}
			},
			"response": []
		},
		{
			"name": "View ad",
			"request": {
				"method": "GET",
				"header": [],
				"url": {
					"raw": "{{base}}/api/ads/5",
					"host": [
						"{{base}}"
					],
					"path": [
						"api",
						"ads",
						"5"
					]
				}
			},
			"response": []
		},
		{
			"name": "View stats",
			"request": {
				"method": "GET",
				"header": [],
				"url": {
					"raw": "{{base}}/api/ads/5/stats",
					"host": [
						"{{base}}"
					],
					"path": [
						"api",
						"ads",
						"5",
						"stats"
					]
				}
			},
			"response": []
		}
	]
}